tank_id,species,avg_daily_temp,num_fish,day_length,tank_volume,size_day_30
1,tilapia,23.57284896220881,105,10,400.7181768677991,2779.7257773689344
2,tilapia,23.75279551581929,102,10,399.43003695766885,2785.8463924140046
3,tilapia,23.0727995271294,109,10,399.48778266655137,2781.342373331955
4,tilapia,23.746006561760282,98,12,400.8874199513822,2784.7850714519313
5,tilapia,24.4052245543657,103,10,399.87956323686643,2786.340009261992
6,tilapia,23.257683962426366,97,10,399.8416384753712,2782.7025812096986
7,tilapia,23.50577532258906,101,11,400.2233600922882,2783.7858421372366
8,tilapia,24.909996666547,99,10,401.1447943140243,2789.213047665876
9,tilapia,23.67506057161713,102,9,399.8065865698958,2787.598428623478
10,tilapia,23.82160650410868,95,10,398.81134493906006,2784.621433693581
11,tilapia,24.43219885370685,100,10,398.872533586162,2778.8266167598003
12,tilapia,23.95637021622877,102,12,401.7775309948555,2788.736086900446
13,tilapia,22.88840603017168,100,11,400.09500459234124,2784.1521552751115
14,tilapia,22.941208083139813,99,11,399.7692279913659,2779.9520736097534
15,tilapia,23.29927690340381,104,12,399.43960762265874,2787.627485403425
16,tilapia,23.702019546399722,98,10,399.9827093102826,2782.3586898426265
17,tilapia,23.79705325664428,105,11,399.59711028492876,2782.2907678216447
18,tilapia,24.259033353654523,99,11,400.04573685259896,2778.799672865641
19,tilapia,23.167409106605447,98,10,399.61522508669213,2776.3311460486434
20,tilapia,24.280051322087754,104,11,400.1143870051098,2771.2453228445634
21,tilapia,24.705153837697694,100,11,400.62546832846033,2775.0634506760252
22,tilapia,23.545532280346155,103,11,400.1875130369474,2782.6215183923937
23,tilapia,24.025676812956682,97,10,400.2569455975957,2779.783170778484
24,tilapia,23.950890085872498,98,11,400.67093547968597,2781.6837525185456
25,tilapia,23.40389564279471,101,10,398.97468008638003,2779.5808662216737
26,tilapia,23.78031875299939,94,10,399.19873995123066,2782.493021645318
27,tilapia,24.07859630094855,98,12,400.84280244032766,2786.0682914633626
28,tilapia,23.81461459708667,97,8,399.7789625676485,2789.503813038136
29,tilapia,24.45072091363838,98,10,399.4314230709,2785.522588660875
30,tilapia,24.13437379469459,99,11,399.3810642473227,2782.83301061928
31,tilapia,23.7323727977828,100,9,398.93850348957346,2785.953650781483
32,tilapia,23.899543991353465,94,10,401.2216443661638,2782.5639289233436
33,tilapia,24.72909678364975,96,9,399.1488014184732,2785.4547844035224
34,tilapia,24.731831591304616,101,9,401.22081398585937,2781.0243709439233
35,tilapia,22.9283655004933,103,10,398.7817500877108,2777.637670698233
36,tilapia,23.254640410065225,97,11,400.36117648834784,2787.0497408821175
37,tilapia,23.485277577268327,104,10,399.4828289951491,2787.2824554377003
38,tilapia,24.371507494436475,101,11,398.8429103992483,2777.537845930477
39,tilapia,22.893699073486907,92,9,400.7403346145206,2777.582810381759
40,tilapia,23.68363673232284,102,9,401.1753914929545,2780.907799980487
41,tilapia,24.14104483274155,94,10,400.1844568524141,2779.910497520638
42,tilapia,23.238583745562366,99,10,400.31507123834655,2789.0755065574413
43,tilapia,23.475877149098594,106,11,400.34620048232466,2772.965322301479
44,tilapia,23.66661473003507,99,10,399.04057005240907,2782.9845201184653
45,tilapia,22.683096225702528,102,11,399.85238504532305,2789.6408060384124
46,tilapia,24.04212202007483,101,10,398.1447538069894,2789.5899248944174
47,tilapia,24.410501085993193,100,10,398.8115631706873,2789.9142253132673
48,tilapia,23.797079345052065,97,9,400.27555418865677,2776.9820998497758
49,tilapia,23.563080174845034,101,10,400.8127043949674,2781.9317892843724
50,tilapia,23.31807837825206,102,8,399.6263937876753,2784.5829163510216
51,tilapia,23.90205401833841,98,11,401.06689507676674,2786.368788725735
52,tilapia,23.397771927283546,99,11,399.09602029004833,2778.7344017269493
53,tilapia,24.691663857740437,108,10,400.06477122873224,2781.3663659349204
54,tilapia,23.595009079263896,99,10,399.7660141494605,2781.310579238496
55,tilapia,24.037892621385158,97,10,400.53608072502925,2782.588253124721
56,tilapia,24.66701244525557,96,8,400.58155247191553,2785.616057698549
57,tilapia,24.167283938371437,100,11,399.2942949451795,2788.791863439097
58,tilapia,23.989258653513033,98,10,400.0382644339078,2778.8667095860465
59,tilapia,24.92295920599083,100,8,399.7118643294508,2778.2086319336418
60,tilapia,24.026721393038606,105,9,399.0670669107798,2790.9833769453876
61,tilapia,23.82606373816068,96,11,400.71752124118103,2776.3184734714214
62,tilapia,24.239475614109896,100,10,400.1131570728332,2780.381116453984
63,tilapia,24.032008233787032,100,10,399.30485108159723,2785.6069255993034
64,tilapia,23.135891443048042,99,12,400.30385647754395,2778.1780014183737
65,tilapia,24.386229398737427,99,10,398.0209692000328,2781.8566971225337
66,tilapia,23.39877553884532,95,11,400.57707624139516,2773.026675504602
67,tilapia,23.972629039502223,96,10,401.4783391636854,2786.215818787052
68,tilapia,24.624925600474157,99,10,400.0343460299968,2780.3105984142194
69,tilapia,23.862757906785088,103,9,399.4248595074053,2781.1512377493023
70,tilapia,23.775852414584076,97,10,399.3623769519552,2780.831977271852
71,tilapia,24.728340384345355,99,10,399.44556699110336,2779.881279548622
72,tilapia,24.35201303285987,90,10,399.7262955610436,2784.848584250835
73,tilapia,24.19827999514452,99,11,400.36756901230046,2776.9619873955457
74,tilapia,23.96695582349582,98,11,400.32223809431053,2777.5741383400878
75,tilapia,23.78899766624781,99,10,398.7034098146002,2776.671240699433
76,tilapia,23.936699230077068,98,11,399.0003555017386,2778.8562172793986
77,tilapia,24.180269675479153,100,10,399.6605787300321,2777.443012935843
78,tilapia,24.976749546767618,101,9,401.0595092163802,2782.968799803831
79,tilapia,24.337951849345654,104,11,401.1046267579333,2781.7378080669364
80,tilapia,22.833746834632073,96,10,400.1070522987108,2781.4966683010434
81,tilapia,23.90475227111237,105,10,399.75775653923586,2785.038597127123
82,tilapia,24.56855959400335,104,10,400.08431338329484,2781.3025284522478
83,tilapia,24.247864819308507,99,9,399.93896811043294,2785.6019955953484
84,tilapia,24.020534831098477,101,9,399.80972433431094,2774.53171282137
85,tilapia,23.98494870633292,101,10,400.8490068147127,2782.6930672528365
86,tilapia,23.724326051758233,99,10,400.0861321378651,2781.913231322795
87,tilapia,23.577492074830847,98,10,398.39422174175894,2787.7117146359847
88,tilapia,24.14412144307509,101,10,401.38457228980354,2775.1564806984197
89,tilapia,24.165717363108865,102,12,400.5105962896738,2781.9915694558663
90,tilapia,23.71076872620606,100,11,399.26358625379584,2782.556107114037
91,tilapia,23.877903313781786,95,12,399.4489282635326,2780.202645780482
92,tilapia,23.22312150505698,101,9,400.3337146901464,2780.221558766389
93,tilapia,23.86569016990644,99,10,400.6731256251943,2790.965419236769
94,tilapia,23.702184276068348,94,10,401.5406090061899,2788.5228057089075
95,tilapia,24.54948036644586,101,9,398.7845360608628,2784.6542227446257
96,tilapia,23.88174107559293,97,12,401.4718750821692,2782.906040233298
97,tilapia,23.79849377899417,97,10,400.00775454450707,2788.1329598045636
98,tilapia,24.815427793480197,101,9,400.72980490021826,2788.2872034687075
99,tilapia,24.389349664813906,109,9,399.2134870046806,2781.0339010688385
100,tilapia,23.65863858875112,100,10,400.9293868356064,2788.311934201361
101,tilapia,24.613528857008774,99,10,399.3322394976518,2786.529595621647
102,tilapia,24.48193660883052,97,12,400.6632224121319,2775.520985412859
103,tilapia,23.898561612989546,101,10,399.99708258562504,2780.266451363622
104,tilapia,23.80857748340301,105,10,400.55836487617285,2783.5850907444706
105,tilapia,23.574665562075502,100,10,399.6924080348866,2781.783876585245
106,tilapia,24.06161956808629,102,10,403.23354279861053,2782.742436085875
107,tilapia,23.612418154361578,95,10,400.3257291087688,2785.604072030206
108,tilapia,23.768228697685537,104,11,397.8784857759517,2784.5291428550277
109,tilapia,23.864371476371268,101,10,400.549270591225,2789.5280920229075
110,tilapia,24.219254613108905,107,11,399.8086322947393,2782.0897698561325
111,tilapia,23.702115735211038,106,11,400.10362291765676,2783.148498121745
112,tilapia,23.87733726506743,103,7,400.2433989261753,2787.0626157039383
113,tilapia,23.100070668329778,97,11,400.11227178479686,2786.753721534483
114,tilapia,23.913111693130446,97,9,400.6568437762284,2783.429841740291
115,tilapia,22.895656461604666,94,11,399.48776021759886,2778.641817814176
116,tilapia,23.346256022479196,102,10,399.22838857830135,2781.02316824326
117,tilapia,23.134402594278,100,9,399.4050870731601,2778.6631174542395
118,tilapia,24.046464530031674,102,10,400.280210361909,2781.626884845026
119,tilapia,23.584681111381318,103,10,400.45682773292214,2776.1456137113896
120,tilapia,23.138544721240006,104,9,400.61144205416434,2792.853571642723
121,tilapia,24.411075451966656,98,8,400.6759120297028,2779.344714288829
122,tilapia,23.656560744466425,99,10,400.67441862114737,2778.9833552794016
123,tilapia,24.58743613394851,93,10,399.37421457666363,2778.1093237805944
124,tilapia,23.88987746274943,94,12,400.4605252641966,2788.0603900576834
125,tilapia,23.460248545308612,104,10,400.24494199956496,2777.604355900825
126,tilapia,24.620472181340258,100,10,399.6419550609682,2788.9997440855477
127,tilapia,23.563097361514565,99,10,400.73656397393916,2779.350129943201
128,tilapia,23.581425618299324,101,10,400.5503383557758,2785.333051878715
129,tilapia,23.798905880921602,98,11,399.37767274484247,2787.309716445108
130,tilapia,23.643544660297863,99,10,398.7064884441459,2784.916854997796
131,tilapia,23.705104311156862,103,11,399.8395528718699,2777.4207767253592
132,tilapia,24.084812377681377,98,9,398.15175489839544,2790.3846854804206
133,tilapia,23.938413737032924,98,11,399.55226400478335,2778.0051843857314
134,tilapia,23.700842979614077,105,10,399.5610373124397,2791.384197159957
135,tilapia,23.363224998380772,96,9,399.7544025569049,2784.230319818621
136,tilapia,23.551828824384202,99,11,399.4909792328135,2783.8556986726385
137,tilapia,24.780487187538185,98,12,398.8472397623223,2782.3345794344245
138,tilapia,24.437218084097285,102,9,399.6489686874925,2779.6538951188813
139,tilapia,23.67852936999062,100,12,400.1008512337429,2777.604227240106
140,tilapia,24.732097425522422,97,11,400.21012642202993,2771.4263682961755
141,tilapia,23.07311894709848,99,11,399.21164614048894,2789.8004871704834
142,tilapia,23.806746669394133,94,11,400.2263836508169,2792.790232318983
143,tilapia,23.92126235917433,101,10,399.13460443252416,2783.701802982812
144,tilapia,23.363365150323766,102,10,400.77649988060665,2780.391456352903
145,tilapia,23.59246134385194,100,10,399.3710063019913,2783.1548913761044
146,tilapia,24.05745506105678,99,10,399.2536841723454,2784.4635110549466
147,tilapia,23.91674533349773,104,11,400.0932122420391,2780.946756122519
148,tilapia,23.684574778116016,104,11,399.5083701247494,2789.2260564903618
149,tilapia,24.13635073020444,102,11,399.6945834461639,2781.151651534409
150,tilapia,22.63980396709422,101,10,399.68807337001226,2781.9872883205535
151,tilapia,23.046342372729093,98,9,401.2637161821696,2786.045070617314
152,tilapia,23.224748196063214,99,8,400.19925324305893,2781.583887934921
153,tilapia,23.06082763808076,101,11,400.96591873993356,2784.5372527987765
154,tilapia,23.693085162133013,104,10,401.79124691095484,2782.2501208432786
155,tilapia,23.889860009281712,97,11,398.6152585283167,2786.817314251474
156,tilapia,23.653604433100124,102,9,399.21539387651444,2786.130210147923
157,tilapia,23.398380227669563,95,10,399.33198524398665,2788.373293343363
158,tilapia,23.26596931380294,101,10,399.88174279970343,2772.9857370932214
159,tilapia,24.040555750019486,106,9,398.9267141217684,2779.635883007188
160,tilapia,24.049862602864497,99,11,399.1802413288672,2778.867051967241
161,tilapia,23.879162124702628,103,11,400.1822155395017,2785.023046456946
162,tilapia,24.15895801917061,103,10,399.6219609898382,2780.661341389518
163,tilapia,24.675277827607097,98,10,399.79643895516466,2779.273369163119
164,tilapia,23.980588566049793,101,12,400.35767698502787,2780.91817703258
165,tilapia,23.881814702972584,101,11,401.38527478179725,2781.288946719367
166,tilapia,23.871652967558823,97,11,400.31054607027903,2776.8906956524565
167,tilapia,23.745436334883138,107,10,400.3821996447203,2783.6138068247196
168,tilapia,23.46915848888696,104,8,400.9878936420088,2778.7689397547874
169,tilapia,24.041275215865426,99,11,401.3449454034314,2776.2208907173954
170,tilapia,23.15272156561415,100,9,400.02713985259504,2787.9151136342457
171,tilapia,24.255043319518226,97,10,400.37093872894246,2785.642927771814
172,tilapia,23.914895048773133,101,10,400.9308682989889,2786.906858121709
173,tilapia,24.883961511188797,99,10,400.01720227194255,2780.4153721739062
174,tilapia,24.038542210213567,95,10,399.38408836098404,2788.192228253519
175,tilapia,23.774191443294267,103,9,401.049499411194,2779.6153373577854
176,tilapia,23.33959550192264,98,10,400.01435930689144,2785.2786125438124
177,tilapia,23.760271319423694,103,9,399.8177123460523,2776.0836254287233
178,tilapia,24.08946580110905,100,9,400.32957723575834,2783.8208122815413
179,tilapia,23.192675711545775,97,10,400.1027683914579,2782.80459689635
180,tilapia,23.504127301532975,96,9,401.54389016637856,2792.553222144199
181,tilapia,24.262875408818513,98,10,400.5653567461517,2777.952152742116
182,tilapia,24.44102414201168,101,13,399.77677318805684,2779.921163854869
183,tilapia,24.25971348076516,98,10,399.535744506627,2782.14469090644
184,tilapia,23.38960895720312,98,10,399.3497437717182,2787.2486024394734
185,tilapia,24.55873448438246,102,10,399.5588196317894,2780.023028522605
186,tilapia,24.35208069053948,100,10,401.5702034662402,2780.706694642582
187,tilapia,23.539527858486586,98,11,399.5935006317365,2776.9649672599767
188,tilapia,23.05968685387528,98,11,400.5724879846771,2775.158495416734
189,tilapia,23.186790557017737,102,9,399.1438454548972,2787.1602576328896
190,tilapia,23.61464697684303,102,11,399.3809746239604,2784.5937051612514
191,tilapia,22.931404898526424,102,10,400.89618723897416,2789.5525278851583
192,tilapia,24.59407168622889,102,9,399.89591326252906,2783.3031490163307
193,tilapia,24.28402140543297,92,9,401.1828469016371,2788.026122649574
194,tilapia,24.366927566191933,97,11,400.75629192161847,2784.6186574062403
195,tilapia,24.296356636921022,103,9,400.4670938672293,2776.6288617870587
196,tilapia,22.882522620889805,99,10,399.6142581837513,2780.2657500437417
197,tilapia,23.490284591942064,100,9,399.90832735020746,2782.935633936574
198,tilapia,23.69818610371613,100,11,398.55609483243154,2787.131267085775
199,tilapia,23.697108941144894,104,11,399.4187302991582,2775.47489392133
200,tilapia,24.11241261579931,94,10,400.98847830133394,2780.162668008751
201,tilapia,23.266004253982533,101,11,399.71734663996426,2784.2325703210277
202,tilapia,24.734842069198933,99,10,400.6633394274407,2779.223098503735
203,tilapia,24.012439212286054,93,9,399.97097819434276,2779.3505448832293
204,tilapia,24.02650094680574,99,10,398.98950793159435,2780.2067245497547
205,tilapia,24.1590910604559,100,10,400.20604505042706,2790.738514855183
206,tilapia,24.527163891303374,97,10,401.61526958475787,2783.423928189132
207,tilapia,24.70356698628107,102,9,399.97904591899396,2794.1208380776357
208,tilapia,23.651726644298684,100,11,399.77677947454157,2779.2623573100723
209,tilapia,23.88471447668599,101,11,399.80063935221256,2774.581408148449
210,tilapia,24.536950361545436,100,10,400.3644732564552,2786.339335695033
211,tilapia,24.34893922913349,99,10,399.37312138415535,2790.008115736591
212,tilapia,23.981689010741178,101,8,400.6537472884695,2773.822206545272
213,tilapia,23.3048204847566,104,9,398.9726954981781,2786.28313183706
214,tilapia,24.94488535487227,102,9,399.6422655589226,2784.333330759901
215,tilapia,23.80319480997691,97,11,398.62638924610695,2786.496235902541
216,tilapia,23.522544757641263,100,9,399.4238433350582,2782.6667190494645
217,tilapia,24.22956960693499,103,8,400.8141440336662,2784.1212115945373
218,tilapia,23.800478030808417,102,11,400.98194621576243,2778.5841953183553
219,tilapia,24.05350775943047,103,9,400.76710990349505,2780.8292039320477
220,tilapia,23.78434379470994,104,8,401.09265900981245,2774.604461020444
221,tilapia,24.16227494012374,101,10,399.37393278263966,2779.795223146661
222,tilapia,24.447145681097638,103,9,399.15525155458283,2774.790854890984
223,tilapia,24.47358889465819,94,11,400.41460641114827,2786.966949556369
224,tilapia,24.377464953734155,103,10,400.56261837841515,2786.5897037634027
225,tilapia,23.77322321907881,100,11,399.4862245384786,2771.0276350747476
226,tilapia,25.148351157858876,96,10,398.2679840269206,2780.8001851635413
227,tilapia,23.103622878956575,109,12,400.1446213962008,2790.8524091290083
228,tilapia,23.6376778903918,100,10,398.8602079469764,2780.052650957114
229,tilapia,24.933348118578547,99,8,399.2969934428034,2778.3270504434468
230,tilapia,24.62574588295098,98,11,399.9718089700312,2783.4184101971246
231,tilapia,23.78291469356989,102,10,398.9729387921156,2774.1324747329136
232,tilapia,23.881557998929452,96,10,401.01147218492673,2778.0629647395267
233,tilapia,23.19692025003995,100,10,400.4669011441204,2781.390892007592
234,tilapia,24.59583335975649,103,9,398.85420498562985,2784.3081978333407
235,tilapia,24.04422836973839,101,10,401.21693292112747,2782.7062895741215
236,tilapia,23.541361586824298,95,10,401.18159641456833,2783.84145747073
237,tilapia,23.756949862269337,100,11,399.10339001670997,2784.161562907498
238,tilapia,23.271304096935065,103,10,400.4765702569824,2783.844322579769
239,tilapia,23.80751996463041,108,9,399.2353574833652,2780.923008021694
240,tilapia,24.2841928494115,101,11,398.8322394197882,2773.619731150864
241,tilapia,23.114809766933533,105,9,399.423142821299,2775.43297253137
242,tilapia,24.047609492698957,97,11,399.7903041094818,2782.1419777096385
243,tilapia,24.545155570616505,106,11,400.2265650263326,2777.827775759003
244,tilapia,22.92913648501891,102,10,398.45533402483676,2773.528258383237
245,tilapia,23.34830965444401,100,11,400.237837164544,2783.9924186199473
246,tilapia,23.542105506920233,100,11,398.30265615332,2792.097619160581
247,tilapia,23.74267552572257,103,10,398.9626942634233,2788.8836851034243
248,tilapia,23.740147898144837,106,10,399.1549818123259,2790.333143821887
249,tilapia,22.98723866653533,103,11,402.0000718954885,2782.397299014707
250,tilapia,23.66151382161787,100,10,401.2643699951332,2779.126586199603
251,tilapia,23.466325464026813,99,10,399.061929532599,2784.0451903093917
252,tilapia,23.562855084915896,103,10,399.5003977858471,2783.3177373258773
253,tilapia,23.837590835831914,101,11,400.4382730022549,2782.481355572387
254,tilapia,23.700158900857254,105,10,399.39918907159165,2776.0035875051435
255,tilapia,23.96042883209525,101,12,399.5282345543007,2794.9678377375153
256,tilapia,24.237074929441825,98,10,400.4526945527992,2783.593090983767
257,tilapia,24.626014998684578,101,11,401.59130436432446,2781.1324386645388
258,tilapia,24.292324692272857,101,9,400.4431627583504,2781.7621991796977
259,tilapia,23.80648613123327,100,9,399.9148014442796,2785.1018393308887
260,tilapia,24.835732206749004,105,13,400.24635943618375,2789.2368858952927
261,tilapia,24.601096922544258,95,8,400.31928207271005,2787.6182346617957
262,tilapia,23.73166824860416,96,8,399.2542667587503,2776.522501779344
263,tilapia,24.057460896559494,94,11,400.32992039383316,2785.490917862338
264,tilapia,24.399484707049616,101,10,399.4527831040197,2773.8612307764934
265,tilapia,24.024660576212202,101,9,400.900837552793,2786.012453580238
266,tilapia,24.25241549956587,94,12,399.5744123953302,2780.4661818314535
267,tilapia,23.997065110870537,99,10,399.3433997221684,2784.799201484382
268,tilapia,23.2915058564725,99,11,399.15923127093583,2786.2791458434767
269,tilapia,23.11322011433328,102,8,401.46492361991744,2777.6578891580957
270,tilapia,24.002733234853746,103,9,401.46813462418214,2780.8427911052263
271,tilapia,24.258692839232147,103,11,399.5215446996329,2789.6963645553465
272,tilapia,24.10974759379764,100,11,399.65048363264236,2783.056694011075
273,tilapia,24.030513899528476,95,9,399.86308748856993,2794.273295671256
274,tilapia,24.319573822919445,94,10,399.34140127655206,2788.321784275927
275,tilapia,24.25645732725104,96,10,399.247972723371,2782.7711500018063
276,tilapia,22.989632459382317,98,10,399.50179580678525,2781.5809797258603
277,tilapia,23.816149794735928,102,10,399.95428764791785,2789.005081900011
278,tilapia,24.267226669762508,99,10,400.09723663027074,2778.8845379482013
279,tilapia,23.252562933557904,104,10,400.0400430382472,2784.32515227593
280,tilapia,23.87978393542855,102,11,399.4274104647762,2780.304523038757
281,tilapia,24.14685075822163,99,10,399.5488241892263,2780.1912436498947
282,tilapia,23.945416323823917,104,10,400.62784851995207,2782.9156509905065
283,tilapia,24.795139034743737,100,9,400.58225287872267,2787.0862785543213
284,tilapia,24.36500807319292,101,10,399.68763165129883,2781.3838622688318
285,tilapia,23.98399157450023,100,11,399.87162422303584,2790.1434578245617
286,tilapia,23.63222391701567,98,10,400.0191391143001,2788.9262548234015
287,tilapia,24.342594513083842,98,11,401.1028139087399,2786.282137297549
288,tilapia,24.382817693718017,98,9,400.0792040911709,2787.194935291277
289,tilapia,23.573199171365285,99,11,398.63541433839777,2788.445999957121
290,tilapia,23.578410556533452,100,11,400.21508852538585,2786.8693040638573
291,tilapia,23.603460668114813,99,9,400.20985181843855,2773.439781943548
292,tilapia,23.84235180404299,95,10,401.1834740129491,2781.8124272620257
293,tilapia,23.492993517212685,103,8,399.92620371394565,2784.011901068516
294,tilapia,24.176084008661963,95,10,398.8151555927176,2782.084019366258
295,tilapia,24.411764353557917,100,10,400.79424790388475,2777.751348851704
296,tilapia,24.71428166873611,101,10,400.4879135336023,2781.088359664355
297,tilapia,24.52390580158624,102,9,397.8865476874116,2781.751354089369
298,tilapia,23.701897491014215,98,9,400.85018242847025,2786.3974387245285
299,tilapia,23.87626716655642,100,10,399.677681245049,2772.118859684445
300,tilapia,23.629951448846665,100,12,400.55103798170705,2780.4877740190555
301,tilapia,23.069376085495794,98,10,399.38957994260323,2787.844909776532
302,tilapia,23.10451150612947,97,11,400.09364699002134,2781.2991929442674
303,tilapia,24.510081677188474,104,10,399.704740222646,2783.4283101098104
304,tilapia,24.14871728305296,101,10,399.46568093515754,2788.5563626164503
305,tilapia,23.9954529851558,105,9,400.997569438554,2785.9588072939237
306,tilapia,23.405956818821075,101,12,400.1705876092453,2774.114407305512
307,tilapia,24.61668403331834,101,10,400.0174421048059,2777.987719451742
308,tilapia,24.0594205370961,98,8,398.4552099092632,2785.5914911649966
309,tilapia,23.90020580065694,106,11,399.84757194825096,2784.503407461579
310,tilapia,24.304861376968432,96,11,400.77927124251,2779.831400443576
311,tilapia,24.29521908408149,105,11,399.2793084258891,2785.9839351324867
312,tilapia,24.321201779762255,103,12,399.86293358766625,2774.2331299846264
313,tilapia,23.52533728667006,99,8,400.86172803182404,2788.439818966946
314,tilapia,23.244695236208372,96,11,401.98690112609574,2785.6506355707616
315,tilapia,24.023098512987286,95,10,399.9091747828678,2772.775063633746
316,tilapia,24.316405477444185,96,11,399.9987819155678,2777.6635851305414
317,tilapia,22.85130098955592,98,11,402.0619634829531,2778.668064352684
318,tilapia,23.67572558537145,100,11,400.0337936514098,2789.0206173301253
319,tilapia,23.784319013112285,98,11,400.2728315964929,2781.423704864703
320,tilapia,24.03766280283132,98,9,400.828217099705,2790.934299618569
321,tilapia,23.464637167682632,97,12,398.65056996238803,2778.591321507484
322,tilapia,23.23400118188504,102,9,399.82782508730565,2779.1629378776765
323,tilapia,24.61696583606072,101,9,399.83747539410257,2781.0999656892136
324,tilapia,23.531197317540766,100,12,400.13133761333876,2780.0097789044016
325,tilapia,24.486674824537623,100,11,401.06684500518213,2784.394568491177
326,tilapia,23.308385692259485,98,11,400.6280625886114,2780.9487068743697
327,tilapia,23.365401773606077,99,10,398.92734929331414,2774.7420379512687
328,tilapia,23.46061075149212,103,9,400.7720455220773,2783.777357594977
329,tilapia,24.127837991340225,102,9,399.51163190417304,2789.419306568801
330,tilapia,23.012598823689807,105,10,397.60134960926916,2786.4334052882823
331,tilapia,24.884154644472503,99,11,401.5499185900294,2783.2298265705717
332,tilapia,24.010182861625736,97,10,398.6230353680854,2783.9668618265036
333,tilapia,23.778803160800464,100,12,400.44174471004743,2776.178685045518
334,tilapia,22.98277028645476,101,9,400.61470242234174,2781.5319921159376
335,tilapia,22.860970637281586,100,9,400.0302152979099,2777.4275127432106
336,tilapia,24.32841691339431,98,11,399.92848631970793,2786.8987739987715
337,tilapia,23.677328229544226,96,10,400.75662882447983,2781.0539950704597
338,tilapia,24.436145796768407,100,12,400.10403953959764,2777.372920502544
339,tilapia,23.01464408229987,99,11,400.14805465580764,2776.589283930895
340,tilapia,24.012700404576545,95,11,400.48820019763394,2779.365118066652
341,tilapia,23.329204966842852,96,10,400.93246007496055,2780.5839413300796
342,tilapia,24.14947215376045,98,10,399.3346159684934,2791.424331133254
343,tilapia,23.272849996714697,99,11,400.8143468969178,2782.02044753057
344,tilapia,24.095305593807538,101,11,401.02374821813623,2772.920845610053
345,tilapia,23.365166306888117,98,11,400.2524464593291,2774.943131143447
346,tilapia,23.701462945487123,101,12,400.0656781258362,2777.7152922235923
347,tilapia,23.702434351656226,98,9,401.0390665524973,2779.003085462579
348,tilapia,23.437254999313073,100,9,399.7607262449091,2789.603380599713
349,tilapia,23.610072340530397,100,12,400.78023689007387,2781.7547259526777
350,tilapia,23.516065287558266,92,10,399.1200526749628,2782.570741689782
351,tilapia,23.464679338080938,107,9,401.38616278952645,2777.659547396431
352,tilapia,23.70975735178814,94,10,399.7448253878093,2780.8295377417403
353,tilapia,23.913394250728988,100,9,399.2985894336095,2778.118090068601
354,tilapia,23.502301632216795,100,11,400.76818890324734,2795.2325956417085
355,tilapia,23.726246055260127,102,12,400.34254124059595,2782.832457251293
356,tilapia,23.93689281523952,98,9,400.3876451660999,2780.3649063356834
357,tilapia,24.288008288642466,98,9,400.7940106025462,2788.386732028726
358,tilapia,24.17671173209243,103,9,400.6949335659223,2776.9456465954922
359,tilapia,23.850552823170556,99,10,400.3210609610411,2785.881470593535
360,tilapia,24.343296296519878,101,10,399.1630093958401,2784.9449947681105
361,tilapia,23.770721726165075,97,10,399.91799465028805,2786.398143410597
362,tilapia,23.68620704983783,104,10,399.27114640117145,2782.6137648930953
363,tilapia,23.87681269856599,101,10,399.72167889914596,2786.712092050637
364,tilapia,24.176373000252838,100,9,399.596917425671,2780.4814597989416
365,tilapia,23.622855425551712,105,11,399.14212556989963,2781.598550365646
366,tilapia,23.95594852264894,100,11,400.6006303562791,2782.6018987828807
367,tilapia,25.63045659658152,97,9,399.3873506239191,2776.817624364403
368,tilapia,24.147884757078575,103,11,400.2205245127199,2779.8574883646756
369,tilapia,23.592111695182773,100,9,399.65736377736,2779.1466275364032
370,tilapia,23.74394184112331,98,11,399.75270506053823,2786.8937212879005
371,tilapia,24.263634975920073,99,12,401.34219891458076,2777.184916938082
372,tilapia,24.169644127579957,106,10,400.7988997102767,2789.652639431474
373,tilapia,24.182199445624363,100,11,400.50922516498196,2790.218237406922
374,tilapia,23.505355458425143,108,10,399.8585305206547,2797.352770188152
375,tilapia,24.563825952234755,100,9,399.39916952066517,2792.199539465533
376,tilapia,23.726276149511616,107,11,399.007279929455,2780.94825914108
377,tilapia,24.933649401857636,101,9,400.4553742570293,2783.6447669383265
378,tilapia,23.658095500804862,94,10,397.5821990215691,2779.7321529151236
379,tilapia,23.572576921664012,105,11,401.4717225036474,2779.7126320134694
380,tilapia,23.91042806928305,102,10,400.70085840350185,2780.278404420064
381,tilapia,23.536709176986054,100,11,399.9989073045593,2778.5828443822334
382,tilapia,23.92434523303494,103,9,400.6439238476989,2784.3250240084526
383,tilapia,24.435198733716142,100,10,400.61596491984534,2777.9107903510353
384,tilapia,23.81829415723814,101,9,400.78094794722983,2778.3611830414775
385,tilapia,23.46052193157062,98,10,400.1657425604329,2794.5529443914033
386,tilapia,23.924047413978595,103,8,400.75132370722935,2786.6038524094224
387,tilapia,23.48419314377252,98,10,400.6969565637207,2784.6513592740034
388,tilapia,24.27122515251294,93,10,399.45441695263344,2789.181374810713
389,tilapia,23.468069929693073,104,11,400.34842625522765,2787.531010746707
390,tilapia,23.303551250535772,102,11,399.0544019340546,2779.602507956847
391,tilapia,23.05062612278931,104,11,399.7908235959116,2781.2554449635845
392,tilapia,23.95402722511359,107,9,399.0509502905532,2775.271807004985
393,tilapia,24.365118513517555,100,11,399.8958997231781,2783.585590587735
394,tilapia,24.486766424603715,99,10,399.7146472808958,2789.524428565394
395,tilapia,23.993282499983874,101,10,400.1271727941202,2784.4142303206454
396,tilapia,24.5778091222178,97,10,400.7173780138175,2783.1744585152296
397,tilapia,24.236611925761117,97,10,401.4121848623446,2782.29315959056
398,tilapia,23.902688044526435,105,13,399.29225304219403,2785.4154182264483
399,tilapia,23.568506662127383,97,13,401.0124094186496,2780.679919816472
400,tilapia,22.555704221741408,102,10,399.69670919002783,2789.1950610805884
401,tilapia,23.066909949542584,98,8,400.6894908392671,2782.133071434171
402,tilapia,24.728067754368073,99,14,400.5061386978456,2779.349802619927
403,tilapia,23.49166582308681,99,12,398.8115424109766,2777.0772425314963
404,tilapia,24.113517646195653,102,9,399.82756560236896,2776.8937513832893
405,tilapia,23.28264059856574,103,9,399.2646765944139,2784.246160364056
406,tilapia,24.995435501681566,99,10,400.0935601482326,2780.0575925909798
407,tilapia,24.640437138216495,99,10,399.6771113105914,2794.1330690300683
408,tilapia,24.11732642188912,102,9,401.98362066200633,2782.506413579715
409,tilapia,23.407305322738516,100,11,399.16314418953175,2792.510820438579
410,tilapia,23.99656800818381,103,11,400.23451787449125,2777.9010124996435
411,tilapia,24.167782456679326,103,10,398.808503740811,2782.051505294769
412,tilapia,23.60061812304358,94,9,401.5682811891196,2778.4283653803795
413,tilapia,24.391728972291432,97,8,400.4758143048493,2789.3485955998976
414,tilapia,23.95008134099874,99,10,400.44426088318613,2780.7550767519756
415,tilapia,24.02936125891338,102,9,399.9131325490816,2784.9118933449704
416,tilapia,23.886933500261616,100,11,400.67993964209177,2791.1382123175867
417,tilapia,23.59559995540424,99,11,400.1285061066647,2788.557074470101
418,tilapia,24.36594152872574,101,11,400.601545967975,2779.633198476973
419,tilapia,23.712335751015708,98,11,399.40272509632166,2782.3489760818916
420,tilapia,22.96837451863458,103,9,399.45082232526426,2791.978084278465
421,tilapia,23.915219093078086,100,10,400.21670080026075,2777.808842150582
422,tilapia,24.692989163870955,95,11,399.1596658339773,2790.6346985069003
423,tilapia,24.062825962412784,97,11,399.4329919993003,2777.9591086999612
424,tilapia,24.182849547347864,98,11,399.7690455268792,2788.5698403177485
425,tilapia,24.590129149619646,98,11,399.8375782311312,2786.5298850658787
426,tilapia,24.299611008867576,100,10,400.3535143547255,2769.5941586646977
427,tilapia,24.628972863555507,100,11,400.1901440914151,2788.690657093461
428,tilapia,23.194234470568833,100,11,399.5018975239447,2780.786870491029
429,tilapia,22.966635405657023,100,11,400.4627214721721,2780.2669499342346
430,tilapia,23.72382101151319,101,9,400.97892009747096,2789.618067739228
431,tilapia,23.43985621555455,99,10,399.06290216538866,2776.8500292309686
432,tilapia,23.895047144028776,103,10,399.6542506110477,2782.44763487687
433,tilapia,23.686524911895578,103,10,399.69520158039603,2777.1314291347026
434,tilapia,23.756486562749807,97,10,400.60134772122143,2781.360980806518
435,tilapia,23.77216750129209,101,9,400.92272910351056,2786.8739064029346
436,tilapia,23.754071901760618,99,8,400.298516667066,2780.845886183674
437,tilapia,22.783058727144684,102,10,399.51163571127006,2781.1905399217762
438,tilapia,23.47951127146436,99,11,399.6709736659039,2769.67342332833
439,tilapia,24.460235391575342,100,11,401.0700351892505,2783.2900062004906
440,tilapia,23.686295328914998,95,8,399.943084524111,2778.0324003734463
441,tilapia,23.969979710247888,104,9,399.62250910132366,2783.407162822724
442,tilapia,23.867736521249242,102,10,399.3591976409932,2783.4376974495453
443,tilapia,23.39667610821962,97,9,401.22264719137013,2780.989486530635
444,tilapia,23.66430171559763,99,12,400.27576662286447,2777.9230269586096
445,tilapia,24.496138484109807,103,11,399.49441388384463,2780.012966673326
446,tilapia,23.63292450771495,105,11,398.79396207678127,2783.8398806265477
447,tilapia,23.74779765577882,98,11,399.11530168522893,2790.2791648436732
448,tilapia,23.558102842895895,103,10,400.6892585463005,2779.1867402541084
449,tilapia,25.15034295125677,99,10,399.9842405016234,2779.7280148665404
450,tilapia,23.770606981451106,96,9,399.2946884437464,2790.081412695308
451,tilapia,23.5376125731545,103,8,399.24858866974307,2780.027223820215
452,tilapia,22.524110371147835,100,10,399.62670527106326,2788.8994831865484
453,tilapia,23.943514311031876,100,12,399.3400435365063,2777.2939721600333
454,tilapia,23.826281909069362,104,10,399.931091280505,2781.129766998107
455,tilapia,23.05774887574894,96,9,400.13003752321373,2787.99473246776
456,tilapia,23.77114900220864,102,11,400.28063436844235,2781.0541785525515
457,tilapia,23.917627375760407,100,10,400.8104296139266,2778.955910353866
458,tilapia,23.957722478004595,99,10,398.84034177173123,2788.6647897077287
459,tilapia,23.838521738933878,100,11,400.53117517668386,2783.7392749969945
460,tilapia,24.443973999503147,98,11,400.29253739943243,2771.9104205353883
461,tilapia,23.518195379521334,96,10,400.0312008391147,2786.754715512326
462,tilapia,23.547361218678923,99,12,398.8524670285964,2795.0802076975506
463,tilapia,23.39401222085812,101,12,399.6739088056419,2792.702866640982
464,tilapia,23.01234003058008,103,11,400.1860779421502,2790.8727694091244
465,tilapia,24.80509761205289,99,11,399.08994145343223,2791.0940296441363
466,tilapia,23.59986026249599,100,11,399.9814301694402,2778.62484616521
467,tilapia,23.95878139407973,101,10,400.15918861494157,2776.7151120635563
468,tilapia,24.03174656937843,104,12,400.3790156119776,2783.2952720386406
469,tilapia,24.087732475717846,102,9,400.4215896196685,2789.193437643903
470,tilapia,23.71941219209459,104,10,399.02763261271747,2786.9017797238293
471,tilapia,24.233377318289325,100,10,400.96790644800626,2775.4050731711286
472,tilapia,23.076372242513223,99,10,400.10316030973354,2776.1793560472092
473,tilapia,24.28744543568792,99,10,400.6432036994343,2787.9995256124166
474,tilapia,23.521704361168077,96,12,400.2702846491983,2784.8536745937517
475,tilapia,24.18704771607325,108,8,398.94280176035045,2783.8458321470266
476,tilapia,22.975022402818514,94,10,397.41566714280265,2786.8171048434815
477,tilapia,23.583573538684437,103,10,398.52553730741016,2784.5923017635555
478,tilapia,24.5120159002887,96,9,400.1022601740574,2791.0357951481237
479,tilapia,24.466099555038173,103,9,400.3552494986468,2778.939930724189
480,tilapia,24.229103452896798,100,9,399.53396498109225,2789.9469407080624
481,tilapia,23.78103561536486,101,10,399.90689102806317,2789.009794691574
482,tilapia,23.175697419337734,94,11,400.2181400357731,2781.630398073545
483,tilapia,23.049284355942035,96,10,399.74124635669574,2778.9804474747725
484,tilapia,23.404739497130393,101,10,399.5964513529609,2782.8100520856906
485,tilapia,23.246644103454663,102,10,398.25661285401503,2780.2743566949193
486,tilapia,25.094490937488565,102,9,399.45121250359307,2781.2236891910593
487,tilapia,24.686176918615587,102,10,400.78510066180843,2781.476150264856
488,tilapia,23.324691345998367,101,10,399.89799685479977,2787.6330755528816
489,tilapia,24.47209474517253,101,10,398.7485127545898,2780.586623477608
490,tilapia,23.592125295209772,98,11,399.9455675945844,2776.6299883056754
491,tilapia,24.450639742427786,101,10,401.0536113965417,2781.671970112012
492,tilapia,23.28495615726788,98,9,398.2328408135507,2779.2262621662785
493,tilapia,24.400406521028305,101,10,399.0440595881983,2772.7843340680565
494,tilapia,23.495832364713557,106,9,399.5194416699884,2792.527591159124
495,tilapia,23.684180856403724,99,9,399.43198790534075,2769.347021464409
496,tilapia,23.891576025858736,102,10,400.4481008618964,2787.0454478071947
497,tilapia,23.62682350075224,103,9,399.31350064536826,2792.953137290471
498,tilapia,23.704580741722914,102,12,399.6077099968294,2782.4119596669702
499,tilapia,24.05114845949152,93,10,399.9424108582778,2785.8475765825883
500,tilapia,23.76492240517935,101,9,399.5810366020202,2780.2825799206285
501,tilapia,24.553680524923482,101,10,399.0382110696817,2783.419753413127
502,tilapia,24.061104425552287,98,11,401.53273684219204,2785.722975257484
503,tilapia,24.27717062790665,100,9,399.8222103609257,2780.485440319528
504,tilapia,22.866080826584955,105,10,401.47556342316585,2769.4176852969836
505,tilapia,23.254852291299304,97,9,399.70219315904427,2780.908323416775
506,tilapia,23.373759688510706,97,10,400.31737948876815,2785.360411222097
507,tilapia,24.11741568648083,101,11,400.66636502203016,2776.026197845319
508,tilapia,23.745193010324357,104,10,398.9770127686557,2784.3932804967308
509,tilapia,23.479756903809253,101,10,399.28124231883965,2776.214772372924
510,tilapia,24.23954550148781,101,11,399.13677598485344,2786.045877668665
511,tilapia,24.04545099924731,97,10,400.49157772897297,2781.785503610731
512,tilapia,23.43155597703906,104,12,401.0983308454869,2786.8076239829347
513,tilapia,23.715583949433515,96,12,400.5494931829638,2780.4818666480423
514,tilapia,24.546399081013277,102,11,401.1421189552813,2788.764675434011
515,tilapia,23.78823549768471,100,10,399.2854932805286,2784.5583195564136
516,tilapia,24.02251587773376,99,10,399.4537779044131,2780.69911713437
517,tilapia,23.914533590432438,99,9,400.8788543928771,2792.279884213182
518,tilapia,24.50791799253422,98,10,401.73552217483484,2777.1597865774716
519,tilapia,24.090383175465007,102,10,399.46344744122604,2788.7258827674586
520,tilapia,23.997767844497254,97,11,399.57243645035504,2782.601827176326
521,tilapia,23.54220248238527,102,10,399.66815124406475,2774.625324709229
522,tilapia,24.788261728933577,99,9,399.65329726519155,2780.5822206418743
523,tilapia,23.142077824403682,97,11,401.2974511779227,2781.168494404497
524,tilapia,24.177062084018964,102,10,399.35160984090066,2783.7794621014536
525,tilapia,23.6019184273921,104,9,398.86081153670136,2781.003371341788
526,tilapia,24.46333532113603,95,10,400.2122971161458,2779.780514468125
527,tilapia,24.20891892077749,97,11,401.79766904333087,2786.2934885507966
528,tilapia,24.197235672558538,94,12,400.2216812341548,2781.049791109066
529,tilapia,24.25296124054497,103,11,400.7417793138501,2781.4932689536045
530,tilapia,24.742887440338578,97,11,398.8178604306267,2782.5542483925274
531,tilapia,23.90894825946133,101,10,399.5455994175396,2781.335867664574
532,tilapia,23.26788372279964,104,10,399.16416041730406,2777.6442743269195
533,tilapia,23.565264746658155,98,11,401.6361305692562,2779.827861212479
534,tilapia,23.382400042176503,98,8,399.4495465430121,2784.003085874341
535,tilapia,24.644593764498083,98,12,400.39490569255184,2776.8656534597812
536,tilapia,23.85161704328627,100,10,399.17606394945756,2793.0093359488874
537,tilapia,24.25620262625729,101,10,400.43679614570294,2785.6212540679635
538,tilapia,23.926178027497198,102,8,399.3255382245304,2774.1020164349134
539,tilapia,23.53644488077926,103,9,399.65362862191233,2782.647649122476
540,tilapia,24.03026276600528,96,9,399.1283414468323,2790.868228129237
541,tilapia,24.163669868902282,99,9,399.6625256942224,2786.0317697484184
542,tilapia,24.90988236683837,105,9,400.78614958279036,2785.0579941626524
543,tilapia,24.382449816145122,103,10,400.48587035135307,2786.127488519505
544,tilapia,24.025254055712264,106,11,398.4340461448482,2780.0531665244835
545,tilapia,23.04383116979307,102,9,400.4660908967198,2791.290582705097
546,tilapia,23.18908194458134,105,9,400.3557064209559,2782.277182476312
547,tilapia,23.33514896723181,98,10,400.5252395094593,2788.733436232165
548,tilapia,24.835380666569698,98,10,400.874340969554,2788.10607351235
549,tilapia,23.858097689673432,98,10,400.1518399740236,2781.8400998620305
550,tilapia,24.56152604349386,98,10,400.1544843763535,2780.431490963408
551,tilapia,23.499581047849496,104,11,399.882543018552,2785.0741182554807
552,tilapia,23.927663022665918,107,9,400.1112792114723,2774.7823701909547
553,tilapia,24.45413853583845,102,11,398.5977169158629,2787.524966271739
554,tilapia,24.349230241001383,102,9,399.1711956855942,2780.210767034935
555,tilapia,24.191932489956507,102,11,399.23693662184576,2783.768264445379
556,tilapia,24.127132082983064,98,11,399.4342763901637,2781.7683063412283
557,tilapia,23.32561796400368,99,9,400.358612640781,2781.658707193827
558,tilapia,24.193272182698447,99,9,399.79494220641317,2778.713520212482
559,tilapia,24.495088760903407,100,9,401.3688073251402,2785.3674751403496
560,tilapia,24.379298482978538,101,10,398.8695342109235,2787.9826835266945
561,tilapia,24.7009218686216,102,12,401.9842434491374,2792.410887563568
562,tilapia,23.866709104998098,102,9,398.455905972532,2783.319784916587
563,tilapia,24.129189114776818,98,10,399.18342063869704,2775.578227331585
564,tilapia,23.814797772233423,101,11,399.76695019739674,2778.0455543321523
565,tilapia,23.494454521087004,98,13,400.8875123200272,2794.2813129407746
566,tilapia,23.818411955940206,101,10,399.60618839960046,2784.191898660471
567,tilapia,23.806652919268327,97,10,400.5281060619481,2793.626285883673
568,tilapia,24.932853382684268,101,9,400.5045360962878,2777.7494625475356
569,tilapia,23.367634191252947,105,9,399.23836285553574,2782.3367710945686
570,tilapia,24.362372392002698,104,9,401.0457001211404,2777.403209305341
571,tilapia,24.265332855445326,101,10,400.70500105485485,2780.9221186332497
572,tilapia,23.37351611911308,103,9,399.0694290301094,2788.7007381678327
573,tilapia,24.15634070109438,104,10,399.44702633304064,2783.430442703846
574,tilapia,23.702037520713287,99,10,401.4016040235301,2789.720640159282
575,tilapia,23.850263112407326,97,10,397.9031876725303,2787.84105635671
576,tilapia,23.867500452839877,100,11,400.0826458333053,2784.241980817177
577,tilapia,23.610569526826183,102,10,398.6787211333644,2781.8355259413524
578,tilapia,23.048287302696163,98,10,399.9241315274634,2787.01454027761
579,tilapia,23.16055412924312,101,10,400.2267145453093,2777.480225714592
580,tilapia,23.972547206479707,98,11,401.3468120267061,2782.565369825728
581,tilapia,23.951075726236336,105,10,399.7699263791834,2786.8980199191324
582,tilapia,23.551543589246904,94,12,400.6431386649075,2780.95940385344
583,tilapia,23.414251881255133,99,10,400.67352102253614,2777.092124792033
584,tilapia,24.23578187001673,99,11,399.4814574076158,2782.439525442592
585,tilapia,23.855912864578148,102,8,400.4356400697774,2787.225132419855
586,tilapia,24.44248591710068,93,10,400.05535552409316,2777.395172663688
587,tilapia,23.808538510005764,99,11,400.0599343444685,2778.212826071324
588,tilapia,24.699834294295833,93,11,398.69538703673703,2770.281225169409
589,tilapia,24.34975087532803,96,9,399.65319930663657,2784.9428491109425
590,tilapia,24.16648711257908,97,10,397.62752635751514,2784.228293915514
591,tilapia,24.388785531552877,101,11,399.0871780313381,2786.3788333034263
592,tilapia,23.69167727428388,98,9,400.2393646792507,2782.8766625354915
593,tilapia,23.745219154606673,102,10,401.6192447892863,2781.509522394603
594,tilapia,24.182362520281924,97,9,400.29418082895006,2783.7621793436674
595,tilapia,24.150548300308373,101,12,401.3692781380375,2778.6793465785563
596,tilapia,23.575336996015437,95,11,399.8889112487868,2786.6797658328546
597,tilapia,23.890330540071204,98,11,398.4050651855585,2782.9351555210046
598,tilapia,24.51823920304537,104,10,399.16134383757446,2787.136017810074
599,tilapia,24.291485074307406,99,8,399.53901330606965,2782.8397708632933
600,tilapia,23.651757034376605,101,8,399.30757196188205,2784.0520763301815
601,tilapia,23.901051532895224,104,11,398.33174777590943,2782.7121318253394
602,tilapia,23.066159369170247,99,10,399.2385366033405,2781.6815673898536
603,tilapia,24.191859873015275,100,11,399.85538559469273,2786.402569555532
604,tilapia,23.38500742680487,98,8,400.6805427546077,2786.350597831658
605,tilapia,23.051854854666377,96,11,400.9868639149695,2784.3946073540474
606,tilapia,24.117655711580678,97,10,399.89676668868924,2784.6449322387743
607,tilapia,23.862715304503674,108,10,400.7643032254282,2782.686753076144
608,tilapia,23.395112789593224,96,9,400.5520201965122,2787.1622348406236
609,tilapia,23.375994430055467,103,9,399.3684693364379,2788.663202377312
610,tilapia,23.45102424440563,102,11,400.4720098451112,2785.908796071959
611,tilapia,23.798594919311878,100,10,399.68775660004405,2780.4837290093474
612,tilapia,23.8493841812437,102,8,401.20225181560687,2793.2193014794198
613,tilapia,23.35754467768313,105,11,400.3126952205729,2792.179629977527
614,tilapia,23.87075407985228,96,10,401.0267078203811,2780.2232778631337
615,tilapia,23.75644294170067,103,10,400.0733085806136,2784.8243524782247
616,tilapia,22.847045670302734,99,9,400.5615134085713,2785.2938897575305
617,tilapia,24.052987789171908,101,11,399.8365383121502,2788.782567496607
618,tilapia,24.012140967394377,103,8,400.429245760075,2777.2183448765995
619,tilapia,24.07999341287492,98,12,400.09567249285107,2787.201064567434
620,tilapia,23.92661518873602,105,9,398.8448659015539,2783.374743550156
621,tilapia,24.652975091986182,98,11,400.6593684235665,2788.2390358591456
622,tilapia,23.386280753269403,102,11,399.824009018967,2777.1008183622803
623,tilapia,23.03681469212862,103,11,400.22961140999297,2787.8526756574547
624,tilapia,24.39001971452905,100,11,399.77036947487835,2785.7449039826574
625,tilapia,24.583964709280217,103,11,399.83850509815153,2789.7727987920985
626,tilapia,24.062698001404584,97,11,400.13412316397745,2776.4187986254765
627,tilapia,25.011748622144303,100,10,400.42123136872704,2782.316822664049
628,tilapia,23.41115421439058,103,8,399.8616771042106,2790.968359860245
629,tilapia,23.90677549144255,97,11,398.8388102874087,2793.964147036243
630,tilapia,24.02415531224688,102,12,400.45048474498105,2782.8257774238405
631,tilapia,23.33280915028624,99,10,399.84684787947276,2788.041154165431
632,tilapia,23.874678570653682,99,10,400.2130101025237,2778.8392203822586
633,tilapia,24.257289142797998,100,10,400.3001525416262,2785.740518282283
634,tilapia,22.917182626723424,95,10,399.5426500885946,2783.806377729172
635,tilapia,24.14122665649734,100,9,399.387008391365,2778.1088225433755
636,tilapia,23.74206025575856,98,11,401.15455183719786,2782.9219862938426
637,tilapia,22.89952386479936,101,10,399.75870553730385,2782.148650742973
638,tilapia,23.81619496466054,100,11,399.0359508912281,2788.3095408657014
639,tilapia,24.129027568998488,103,10,398.1978404535527,2775.6594157941195
640,tilapia,23.632403371031653,103,10,399.72822497625094,2786.3828324748606
641,tilapia,24.23192560943626,101,11,399.5389200756616,2778.9969731856645
642,tilapia,23.779901641594357,98,10,400.53545693260327,2780.1554559491747
643,tilapia,24.689255231248605,104,10,400.2365763273543,2785.30697693276
644,tilapia,23.786682220114905,101,10,400.86805466210154,2784.2321043927996
645,tilapia,24.46684592807267,99,10,400.3978608623836,2779.010598433712
646,tilapia,24.13857715834459,94,9,399.7316038997496,2784.1946002507116
647,tilapia,23.480310189696812,101,13,400.6403112072919,2782.069782358707
648,tilapia,24.359490018834293,99,9,399.8288690099849,2778.596119311458
649,tilapia,23.711375035674344,95,11,398.72887946399396,2776.68862364851
650,tilapia,23.9419717866407,98,9,399.81192184967836,2789.496712322143
651,tilapia,23.292985771529537,108,10,399.3808317185629,2780.620340299601
652,tilapia,24.139993809757986,102,12,399.6822483910067,2778.4479491780226
653,tilapia,23.644696493206098,98,9,400.7342827529249,2781.377927071368
654,tilapia,24.01284675336658,100,11,399.8194891018795,2778.012241302339
655,tilapia,23.906720353249156,96,10,400.2991249993534,2777.8399461700183
656,tilapia,23.958134248415558,103,8,399.6966355459634,2778.870018050467
657,tilapia,24.179136263660045,108,11,399.0504174848878,2788.4088115501095
658,tilapia,24.610179791714188,98,11,401.18255788526204,2788.7286377910013
659,tilapia,23.61301012334732,101,11,401.44934410680094,2785.593499801178
660,tilapia,23.586426449178013,101,12,400.93477795062563,2792.0167745513886
661,tilapia,23.725201411541033,99,9,401.7233037257588,2783.225900361977
662,tilapia,24.372600536662173,99,11,399.9284786928797,2777.478518968772
663,tilapia,23.855958761301082,100,10,401.42562182763834,2782.160249226576
664,tilapia,24.07267840907654,105,9,398.14546950713844,2777.90997868906
665,tilapia,23.737100007110833,103,8,401.06024362521384,2774.427704217519
666,tilapia,23.910083256230546,98,11,401.7901846977852,2786.381150979741
667,tilapia,24.322606078307043,95,10,400.37446126433497,2776.7120511600483
668,tilapia,23.42969557284896,100,9,400.0923699445504,2783.3126482644097
669,tilapia,24.092822298163505,100,10,399.2906927212457,2785.8907750215344
670,tilapia,23.948723782821844,99,12,399.9467046326838,2782.0008080581574
671,tilapia,23.867372929075213,98,10,399.9573185706309,2781.881159097157
672,tilapia,25.16545219979912,103,8,399.87088536159507,2788.178187714079
673,tilapia,24.57686846792314,103,10,400.0963595879461,2773.8566512918137
674,tilapia,23.229512743045145,95,11,401.4972816570452,2787.7477622492797
675,tilapia,23.55689296353867,100,9,400.7802252317673,2786.535602500265
676,tilapia,23.98989214110113,98,11,401.89791326144916,2784.063546796381
677,tilapia,23.674846152373398,101,9,399.6253215225953,2783.388539344238
678,tilapia,23.802217975502106,102,10,400.0280218790088,2778.8542723187775
679,tilapia,23.742674372009272,98,10,400.4024143635693,2783.921238605308
680,tilapia,23.788163477066206,98,11,399.7477154144989,2781.726220659196
681,tilapia,24.083847262784104,97,9,400.46066568090214,2781.7769916291622
682,tilapia,23.5550575793893,98,10,400.50921314892156,2789.936417071727
683,tilapia,23.119171837619025,97,10,399.2929564313569,2785.233443974362
684,tilapia,23.53673382506534,98,10,400.5767526484856,2780.7658855942864
685,tilapia,22.96580264853297,98,11,399.483362278753,2777.439407399336
686,tilapia,24.206662059907714,99,11,400.0553017845189,2787.30958546775
687,tilapia,22.955168885066563,101,10,400.560349552181,2779.655951715829
688,tilapia,23.718017350066052,100,9,399.5634357383739,2776.2123173588557
689,tilapia,23.941463507790658,105,8,397.44045052505,2783.01343007698
690,tilapia,24.099663041987313,98,10,400.42031268347137,2785.428500164544
691,tilapia,24.789607826253604,98,12,400.5941875932033,2785.2816021584663
692,tilapia,24.302683558441792,98,8,400.604018583802,2776.722648602273
693,tilapia,24.10450857206796,102,11,401.3958131221801,2794.52817315255
694,tilapia,23.323059129404072,96,9,399.6386076336924,2780.620094700184
695,tilapia,23.91215612021966,102,9,398.37874733945824,2776.9965002667363
696,tilapia,24.04854893293408,101,12,400.6797373396701,2778.2460999085606
697,tilapia,23.99306054894865,102,9,398.7365306233125,2783.363324859482
698,tilapia,24.450722428895624,100,10,398.95626488297006,2787.8358042038735
699,tilapia,23.6759222293791,107,10,399.91046476223397,2791.4114413923626
700,tilapia,23.450108384609955,104,10,398.85433104118584,2771.8671314685344
701,tilapia,24.332292463808848,102,10,400.8687068496692,2778.622940090771
702,tilapia,24.480462154033447,103,11,400.1301861069738,2775.6046379471168
703,tilapia,24.066166121931673,105,10,398.55161965642947,2787.9889099763905
704,tilapia,23.508760296485505,100,9,400.52507983273347,2776.4835493316073
705,tilapia,23.7107155415841,100,13,398.52079422571967,2779.078737526138
706,tilapia,24.485615522653788,103,11,400.3323244954701,2783.747844056718
707,tilapia,23.226651002063306,99,10,400.24516449574134,2793.4936231126076
708,tilapia,23.791723681412652,99,10,399.07561282408574,2770.2114837736017
709,tilapia,23.17394847596405,101,11,400.73127679107813,2793.9502506393274
710,tilapia,24.39580230194851,100,9,399.811656719429,2787.2927703097266
711,tilapia,23.91558165164305,97,10,400.51702546562996,2783.232708969896
712,tilapia,24.7650274380039,102,9,400.83290347761476,2795.6616517460975
713,tilapia,24.294018508127632,103,9,400.8763666153409,2789.79111451821
714,tilapia,23.259729680592297,103,9,401.2138649822372,2781.090751383019
715,tilapia,24.046727152025248,102,11,401.4832696666814,2777.546643741609
716,tilapia,23.407466320280975,96,10,401.453044679623,2784.408333714014
717,tilapia,24.188644445062412,99,8,398.86692790913906,2779.924211203198
718,tilapia,23.251326977781087,103,8,399.14954929033524,2785.7617455448662
719,tilapia,22.797495806418684,98,11,399.9324048138506,2785.250888060233
720,tilapia,23.054102823612727,97,10,401.4058152835269,2787.0456116625905
721,tilapia,24.900513880097694,100,8,400.27997130599005,2778.8575905153616
722,tilapia,23.834122007128297,98,10,398.97857109398717,2782.0363817387424
723,tilapia,23.65293541525366,102,10,399.2218222075054,2783.4548656115517
724,tilapia,24.20209602588029,98,12,398.9257315744625,2782.8288604911213
725,tilapia,24.0802966479145,100,13,400.0138820745521,2776.0821984763083
726,tilapia,24.16788410206808,100,9,400.8866860649812,2792.7100110579527
727,tilapia,24.447196693898363,103,9,399.869829481476,2789.807797624363
728,tilapia,23.762388528125843,98,10,400.5331958838653,2777.6734971529336
729,tilapia,24.07590026424689,92,10,400.355821856631,2781.3455472438127
730,tilapia,23.585770424377962,103,10,400.4811950191089,2781.1484745832327
731,tilapia,23.429444011984693,101,12,400.15191699204763,2779.8301556735782
732,tilapia,23.46580558513707,104,11,399.9742489664263,2783.795539098476
733,tilapia,22.957703053434617,98,9,399.9976603376588,2781.967244390763
734,tilapia,23.067336876346424,97,10,400.176433766612,2787.088896104442
735,tilapia,24.518319759877738,103,13,398.067492069577,2791.031182238496
736,tilapia,23.215627858724186,96,10,400.6808477815109,2778.878230871095
737,tilapia,24.118244280582434,106,10,399.2592509852648,2790.6223698256576
738,tilapia,24.776922062101676,104,10,400.73010211602985,2765.948065348636
739,tilapia,24.087488308913567,96,9,397.76967381136086,2771.8612700032572
740,tilapia,23.856122293156176,99,10,400.0124370827032,2784.5918684119956
741,tilapia,23.628211164345366,102,10,401.25667415030375,2783.0054726652957
742,tilapia,24.217251033805763,100,12,400.40160532257596,2780.708878459048
743,tilapia,23.81616763365952,106,10,400.2707705213511,2785.7673323111253
744,tilapia,23.65198820753134,104,7,401.70227206894975,2776.6518053148325
745,tilapia,24.1887745881391,95,11,400.1033699981037,2782.9902855918535
746,tilapia,24.265124829037102,97,11,400.90969766515894,2782.5893230281004
747,tilapia,23.357802325816863,104,10,399.67896330779274,2781.956243305052
748,tilapia,23.937119664251767,99,9,400.4883924353363,2780.0922750995583
749,tilapia,23.574871730963007,101,11,398.1429113002901,2773.2095592925184
750,tilapia,23.28052635167367,99,9,399.099833604076,2783.044138109502
751,trout,14.842530505354096,75,11,400.47152711947984,152.85866432579357
752,trout,14.781089067102055,76,12,400.5364152998251,147.6128975432806
753,trout,15.451547385530299,76,13,400.8351202204691,144.72737397968737
754,trout,14.961101122175123,74,12,399.73808989740655,146.4461079860137
755,trout,14.858777977944934,74,13,399.33011773999164,150.8201231522432
756,trout,16.459905410886638,67,10,399.051548944306,146.32192300763145
757,trout,14.942078945466417,68,11,401.24318728657863,148.67829964198032
758,trout,14.28985274342081,70,13,399.13017501694554,148.94800674664046
759,trout,14.445156159239447,81,11,399.9554606487452,151.70390304445826
760,trout,14.574956082606086,74,13,400.869157787418,153.41121222758198
761,trout,14.149268589125391,74,13,399.97204653049204,152.50120215836827
762,trout,14.524662183614916,69,14,399.8652592000693,151.69227030020662
763,trout,14.630193510104377,74,10,398.89312062196296,149.86985752148448
764,trout,15.118796089697234,63,11,400.1779075547415,150.12965393253157
765,trout,14.593751222716849,81,13,400.1863657004487,147.77778088998312
766,trout,15.119387466319907,79,12,399.96593686649,149.49927073709654
767,trout,15.520422266693366,67,13,401.02619988905064,153.08123849864037
768,trout,14.355761234585303,73,12,399.65343513906316,150.9604745152697
769,trout,14.963555015304998,64,11,400.57945179620106,148.86048075334895
770,trout,14.443145353280098,77,13,399.2323102833253,153.0768084934716
771,trout,14.670872676934927,81,13,399.1500462887579,147.7431129429688
772,trout,14.924796310812486,75,11,400.2670379510589,149.23444306713955
773,trout,14.552110325225602,77,13,400.35590867261755,149.5835058461028
774,trout,14.92371694638336,74,11,401.1924142430363,150.65565661327423
775,trout,14.977853190088767,74,12,398.7360664171604,153.38586000154015
776,trout,15.199932331634297,69,11,399.57344818817944,148.6369946640149
777,trout,14.85147031287043,73,12,400.32106802768055,148.74586094888014
778,trout,14.995144726018548,89,12,400.87963680325004,150.43141089526048
779,trout,14.938817065992625,74,13,400.83584362938734,151.2266654498727
780,trout,14.784623619173997,67,10,398.73682318052835,147.94975430949287
781,trout,15.242017890717392,68,10,399.5575783550171,150.03237381453377
782,trout,14.194769199882144,73,12,400.037056152497,150.79283092388255
783,trout,14.800016572038343,73,13,401.97830347614763,150.6999138803896
784,trout,15.164962895461528,86,11,399.2304354475288,148.90622080654626
785,trout,15.475963061146022,71,14,401.385425343975,147.08019596911788
786,trout,14.685910782030703,95,10,399.18450359898185,152.0548217527987
787,trout,14.743032337328216,75,12,398.50396928187007,149.05328665912813
788,trout,15.327853957241796,67,12,399.39227479900154,154.14644846522586
789,trout,14.439617108529555,69,13,400.0364349129944,153.37474990011083
790,trout,15.618049262890198,78,13,400.1299726024245,149.36578068966688
791,trout,15.340622027129825,74,12,400.5242012735536,148.9939480667624
792,trout,14.809893370468783,76,12,400.25834094396953,148.76509897685102
793,trout,14.711134579793507,82,11,399.7163564341926,150.0718127755028
794,trout,14.076635073019999,84,12,400.3076206622131,149.87329887584343
795,trout,15.500656284293036,72,12,400.25624089360014,147.24150614683202
796,trout,13.312117885222918,85,13,399.47839567936563,148.72075099242443
797,trout,14.924279726786779,68,13,400.51426040095396,151.83786022662582
798,trout,15.283613987708309,83,12,398.99552000483897,153.71392053411375
799,trout,15.143030145194457,81,12,399.717958549728,149.63664277724538
800,trout,15.201825281840277,82,12,399.7558651994711,151.56724592183218
801,trout,15.672786059694548,76,11,398.7065918961126,145.7193625065426
802,trout,14.565662967912496,63,12,399.445995364687,149.37455147995001
803,trout,15.783584972304181,91,12,399.8452348107264,148.734376149895
804,trout,15.07568505931248,88,13,399.45516802395275,149.4202431891549
805,trout,14.16157747994302,88,11,400.56990035673545,149.83607570650267
806,trout,16.231269310909692,91,12,400.3965470728846,145.77832582517675
807,trout,14.745378676944542,76,11,400.06438250443273,147.37923705603802
808,trout,16.104821979206662,68,12,399.73260834021994,147.20404466025826
809,trout,15.144118777177905,72,13,399.06362986819414,149.2640772492222
810,trout,15.168185233955018,71,12,400.626213620376,152.71500164148617
811,trout,14.6995316820625,76,12,399.29387441350895,150.2311608607471
812,trout,14.608465235695428,68,13,399.91770329397997,149.07912046768732
813,trout,15.20140955588681,78,11,400.01267483937414,148.3531978571434
814,trout,14.873148498636944,71,14,400.1419001250242,148.5692531065934
815,trout,15.170042833414744,69,15,400.4249530281041,148.27612124542088
816,trout,14.544712204208665,71,12,399.8782603954937,151.64195126766234
817,trout,14.731918877407,79,11,400.5334469407408,149.5587818426892
818,trout,15.614692820922029,69,12,401.92729268917765,148.36555227225367
819,trout,14.064528005737376,85,11,401.1228856614503,150.86564617341728
820,trout,15.321775402534778,69,12,399.70631898137805,150.3542264517506
821,trout,15.000645447691078,78,11,400.2679311146363,145.32295146545198
822,trout,15.189532210257505,71,12,399.02569307743863,151.58075425243837
823,trout,14.835329587518112,83,12,399.66252276964053,149.27692471755776
824,trout,14.873537269438403,76,10,400.9866980139049,149.5224443130684
825,trout,14.953972806814706,79,11,397.73677790262536,152.67573896997473
826,trout,14.934344415817316,89,11,399.0643109675452,152.15146979715766
827,trout,15.326017498311742,72,12,399.1188278851923,147.77642857203455
828,trout,15.012159593314207,63,11,399.23338169029296,151.06833447146283
829,trout,15.582132450709116,88,12,400.31665051339587,147.97197032589776
830,trout,15.344065691612228,63,10,399.49825416531445,146.35372391828713
831,trout,15.195540162493389,79,10,399.8684689643961,154.18694910729477
832,trout,15.939456552270386,70,12,400.8413212278162,147.84192603856806
833,trout,15.071900274089169,67,13,399.6494096595321,150.06758342501004
834,trout,15.18911800547096,73,12,401.100841695934,149.64912185717444
835,trout,15.437437300474855,73,11,399.00344212070576,149.13642688430474
836,trout,14.813874889536423,78,13,398.61612305587585,148.00327655461987
837,trout,15.606801012752527,81,14,398.9164405097011,150.22723184340157
838,trout,14.920059099194265,76,12,399.4104164903932,148.87337114471433
839,trout,15.165844596852903,82,12,400.0527417076353,143.6155351947262
840,trout,15.600378811600345,78,12,400.9744326933097,148.121055861159
841,trout,15.032273506142749,64,12,401.58022213950596,151.86532816518726
842,trout,14.691244712007618,65,11,399.2857052082169,149.09585047300627
843,trout,15.381009046449702,85,11,399.5376798453703,153.53043741845505
844,trout,15.262627864224735,77,13,399.73427598995556,146.69709372690423
845,trout,15.144445599980372,69,11,400.5276595247359,149.3675357666186
846,trout,15.20263261007558,65,12,400.399101121541,150.53667712752406
847,trout,15.855030136007352,70,11,400.38848667755354,150.80634284540074
848,trout,15.021839100117688,71,11,398.9784240631639,147.99394354920352
849,trout,14.659438939079296,89,11,399.5650787943137,150.8971830865107
850,trout,15.081571582954222,77,10,399.6501078433428,151.07501708251831
851,trout,15.656275763432417,79,12,401.00425925419125,152.70273746148695
852,trout,14.372007359904705,73,12,402.03550714423454,151.3625272375175
853,trout,14.783092600019637,70,12,400.7083697408734,149.28964373960943
854,trout,14.994588213476797,74,13,400.0842618543397,150.9293031017464
855,trout,15.075316577481424,81,13,400.5822175875637,155.2657988534671
856,trout,14.72887219164667,65,13,400.4930252849239,154.1795267220938
857,trout,15.082281683282423,72,12,400.4620693252989,149.46301960202473
858,trout,15.26483278449464,63,13,400.44800702675013,149.0769114939141
859,trout,14.314617022126217,58,11,399.68934131814046,150.32747486118842
860,trout,14.852644616690021,69,12,400.66258451085116,150.5821652902263
861,trout,15.070221809622755,71,12,399.6861800751682,149.39216448242712
862,trout,15.564264701820125,73,11,399.1727451452998,147.08455835765596
863,trout,14.714924210526938,78,13,398.71637191388726,151.73285710161042
864,trout,14.236752890724262,68,12,398.71210045310295,150.09563178978695
865,trout,15.077515811081877,61,13,400.92779096619324,151.07175447690477
866,trout,14.815918132293495,71,11,400.8804556631104,148.85936243604283
867,trout,14.722339589572943,91,13,400.26348428409653,152.38531098810893
868,trout,15.16547437941995,63,12,401.01891689758776,147.1613289711684
869,trout,14.174305892047512,80,12,400.8532643235233,149.6524419431336
870,trout,16.249901903145716,71,12,399.99906627027246,149.11808215456963
871,trout,15.503037778258207,79,11,399.6741192877497,147.06831207570866
872,trout,14.708491428972168,82,13,400.3205284627766,151.33445144854366
873,trout,14.24093232261056,51,11,401.3851723384532,153.76501509631456
874,trout,14.844470194286757,77,13,399.7319071074755,153.45979679517689
875,trout,14.97559689770096,80,11,399.5182264288833,153.88121548805393
876,trout,14.853598952694382,76,11,400.39979649543795,149.49198110186902
877,trout,15.856472709004159,71,11,399.2788188480193,149.45100964243852
878,trout,14.372228892216809,70,12,398.31022800959823,151.67521545466994
879,trout,15.061795927952781,90,11,399.09275273416154,149.9154576996825
880,trout,15.255175816390377,67,12,400.41907691847945,147.3870036455446
881,trout,16.427557334628638,75,11,400.27178037858386,147.45288765201764
882,trout,14.845678119440246,92,11,399.7388748596143,151.36741112057828
883,trout,14.890393512149656,77,12,400.31200258693053,149.45833863297028
884,trout,14.893334336279175,72,11,400.60360624968814,153.1032532135945
885,trout,14.88660662368761,76,10,400.5433495017682,147.41620235841717
886,trout,15.272760459489396,85,11,399.0123669315117,148.78410830673664
887,trout,15.17845037213172,72,11,399.60935268774864,149.29099619274555
888,trout,14.713869110305366,71,14,398.90402733961145,152.69969107058387
889,trout,14.502128780665743,76,12,397.6372837762896,153.39135145517395
890,trout,14.513494474141769,66,12,399.42068427032643,151.62877454590227
891,trout,15.48162264613743,81,10,401.4793800941508,148.31463717108284
892,trout,15.112085114975882,87,10,400.3840466523143,150.6091399993369
893,trout,15.120723338765806,85,11,398.75648936226406,153.50302682447347
894,trout,14.771371449900023,66,13,400.1168227462351,152.2648945752608
895,trout,15.709287615230457,83,12,400.7136576030186,151.63565205646972
896,trout,14.504977369899928,56,12,400.45379158504244,148.9141719909911
897,trout,14.606146796345838,66,12,399.72785123684207,149.17780233021233
898,trout,15.523958241372421,68,13,399.99583949696387,151.19694031172386
899,trout,15.445461964343261,61,11,399.2555235422071,148.6608960334331
900,trout,14.678770901988411,73,12,400.00986608052483,147.9881325918883
901,trout,15.47234810411619,71,11,400.9588214143943,146.80100975211786
902,trout,14.988192625974216,88,13,399.8454051104523,151.02540976808123
903,trout,15.39079220039216,88,11,400.71809910015133,149.60480784521147
904,trout,15.31570070331411,60,13,398.7264573352626,149.49896071042883
905,trout,14.750414438906486,77,11,399.0963497710557,152.26225970081663
906,trout,14.78302647474934,75,12,400.45651228066174,151.8511527319718
907,trout,15.0488156365538,67,12,399.0723929313897,154.52748242465663
908,trout,14.463575460063703,84,12,399.65159280331875,146.1042886330475
909,trout,14.313902192558576,76,13,400.6838397504712,149.12755549510243
910,trout,15.092026558650005,58,12,400.50647579873515,151.57113953814402
911,trout,13.955165841940225,101,12,400.1601847506431,149.29059646075783
912,trout,14.534685021349084,74,13,400.024266557157,152.99775945697706
913,trout,15.94825962859124,80,13,401.4756639703235,150.2870190718843
914,trout,14.941786758129167,83,11,399.6718169025693,151.23446038899291
915,trout,14.575463379220826,76,12,397.76422578571993,147.63040219213983
916,trout,15.66967793664561,79,13,399.20020386209205,148.98787120639983
917,trout,14.522954352114327,76,13,399.74152748406914,153.112959628257
918,trout,14.59620971500205,84,11,400.45177452045186,152.4601203275952
919,trout,15.527916616243056,67,12,398.7887789310221,149.53651144235027
920,trout,14.274237199197309,63,12,399.3795372080805,150.76227684203764
921,trout,14.590236510209586,73,12,399.1996581148554,146.74273789627165
922,trout,15.339194484914906,63,11,399.84777566595744,152.045995120657
923,trout,14.740206904279434,63,12,398.9974179084222,147.53981889104548
924,trout,14.580683967134926,83,12,399.0821837005564,150.3952007224454
925,trout,15.141078075036042,69,11,401.3331711780998,148.63871967142703
926,trout,15.354478834836282,79,12,399.7444657268518,148.87299022332266
927,trout,14.210728858846029,74,12,400.64861607656917,153.66698307279222
928,trout,14.977165065173907,79,11,400.46057820204913,148.70015783066114
929,trout,14.952811150737467,75,13,400.1452177634758,145.76526039668073
930,trout,15.584325325204098,85,12,399.0070631656995,149.0482865430852
931,trout,15.599846052094618,78,12,398.47386042992605,149.25303851657216
932,trout,14.616110220827064,72,12,399.1935535920318,149.52172400159736
933,trout,14.828411620956883,69,12,398.92464897945484,151.2988628443596
934,trout,16.040387596082876,78,12,401.00468591503926,147.9915981341487
935,trout,15.216053846346053,81,13,399.3654002480959,151.6855495147712
936,trout,15.563149433847423,82,11,399.4038233456153,149.58825979780372
937,trout,13.823326361661852,76,10,398.76295760839633,150.09354030253874
938,trout,14.188764639224527,72,13,398.7716479986079,148.5212708863463
939,trout,14.737838786998001,80,12,400.14510607237713,148.4495064268806
940,trout,15.168454531741949,70,11,400.79676216308866,148.83949251246602
941,trout,15.95473610913529,87,10,399.64973568048026,146.1470211681135
942,trout,15.729849092548625,57,12,400.44175020876924,151.2532222374888
943,trout,14.320329679909378,68,12,400.7605497445148,153.95610101941847
944,trout,15.188814024792691,62,12,399.81197048394586,156.3274883837259
945,trout,14.694979320241364,66,14,398.41248630442004,149.38313921395246
946,trout,14.76261951879504,76,11,399.4696070925971,150.32739253098558
947,trout,15.39076520071839,59,12,401.51883760514283,151.7410260521254
948,trout,15.742348257008008,84,12,399.65989741594024,147.21786556132255
949,trout,14.967223249888516,81,13,402.2031276963043,150.90000441368844
950,trout,15.021632367322145,68,13,400.2749693940213,153.113058166684
951,trout,15.073370010285448,81,12,398.2935201256874,150.5432029370667
952,trout,15.249444699465611,80,12,399.13527296684566,151.36979480881325
953,trout,15.110335676296621,75,12,400.73969600356185,151.9365674301851
954,trout,14.894135308064293,75,12,400.5012042181256,149.7157950795328
955,trout,14.626668144928615,74,11,400.2537400001123,151.59413286775523
956,trout,14.665259578577588,83,11,400.16824924119186,147.6889482860643
957,trout,15.707255705954745,67,13,400.09660460946213,147.959932428932
958,trout,15.261281747786812,81,12,400.6069609700743,153.3325890464304
959,trout,14.604160533257227,70,10,401.3204394334654,147.98291987453567
960,trout,14.352810096505122,63,12,401.05674506296856,153.3691112489892
961,trout,15.927541740644442,84,12,399.2306563749592,149.84655195888243
962,trout,14.491982912924776,75,12,400.1360159592986,148.33333275007692
963,trout,14.765774783415237,77,11,401.21561592212737,148.3007849008028
964,trout,14.933793867540183,74,11,400.2751176118753,151.80869880354723
965,trout,14.747583771107742,70,12,400.23312626940424,150.97770470688616
966,trout,14.99407763088097,69,12,399.33583966649536,149.8992013472604
967,trout,15.415535116597027,80,11,399.93368252136924,150.50392800236733
968,trout,15.358044117874403,86,13,399.70888408221026,147.02938778969394
969,trout,14.203298764130784,70,12,398.583621756916,151.09207340969115
970,trout,15.415443563791287,82,12,400.7209889142232,144.63719229842974
971,trout,14.045910381564017,72,11,399.99754758868255,149.10451605027063
972,trout,14.663610886309774,83,12,400.56899349292564,151.0985337027291
973,trout,15.714012253192777,94,12,400.3353094287586,149.74525948965598
974,trout,15.37805148962931,78,12,399.8957170878326,150.69056764051388
975,trout,14.998721572805735,76,11,398.4544400269268,147.77373677876446
976,trout,14.032350511623285,71,11,399.69284522255276,149.92179765333523
977,trout,14.58755150398218,78,10,399.6374186414935,150.57654793722023
978,trout,15.168994564699878,76,12,399.0380997932379,146.20734388428616
979,trout,15.101250750273538,89,12,398.9320551896323,148.3346936839576
980,trout,13.88930997051214,79,11,400.1773382593399,146.84490954609888
981,trout,15.533611977185249,71,13,400.48589167108923,148.98689568699342
982,trout,14.352571905742877,69,12,401.4259433745245,150.5284058532479
983,trout,15.470328569630713,72,13,400.353745781024,149.67273664340684
984,trout,14.542292798859291,81,12,400.29568584662536,147.0579547679361
985,trout,15.262099196612045,68,13,398.8305637331009,152.2125220732362
986,trout,15.091158520563734,82,13,399.2076250270192,152.0912918919604
987,trout,15.424622913889635,72,11,400.10731035828155,146.49267159416462
988,trout,14.753354683167592,75,11,399.9941125032189,150.71772262450628
989,trout,14.75182932223491,79,10,400.54945786288647,148.90881745390448
990,trout,14.549263707954566,80,10,401.570818884343,150.87847273738478
991,trout,14.762486825772754,77,13,399.64828872739906,149.53611577382233
992,trout,15.730067412048644,65,13,399.8878638807524,148.5185408603079
993,trout,15.361638832345188,78,13,401.37416205670263,151.8170121954823
994,trout,14.857588575889425,67,13,400.49590407343993,154.069627914959
995,trout,15.628236428795226,87,13,400.7107956628369,147.93733191101538
996,trout,15.736338679029457,86,10,399.7438917597186,149.93817460161125
997,trout,14.653302131617815,69,11,398.36578627279636,147.93706141561185
998,trout,15.668718940012294,64,13,399.8428735796755,148.68430497844972
999,trout,15.556835139811387,75,12,400.7043040967667,151.95692929226553
1000,trout,15.052490633262464,77,11,400.03709164641646,148.84539678092563
